model_type,network_structure,relative_error_u,relative_error_f
IAW_PINN,3x50,0.009572071008069822,0.009605180109963255
IAW_PINN,3x70,0.004990667375739508,0.004699673311494963
IAW_PINN,5x50,0.005910174809544473,0.005433918645814048
IAW_PINN,5x70,0.005289268872363956,0.0036753281190182643
IAW_PINN,7x50,0.007154890994032932,0.008116859970414345
IAW_PINN,7x70,0.00610221353539487,0.004039989713416484
