model_type,network_structure,relative_error_u,relative_error_f
IAW_PINN,3x50,0.08370962067537589,0.0255205180348153
IAW_PINN,3x70,0.01637305602313284,0.013280907684204821
IAW_PINN,5x50,0.009395323651323197,0.013691636565574344
IAW_PINN,5x70,0.007045446988813483,0.009184870498335822
IAW_PINN,7x50,0.03240381457544818,0.027506691421569186
IAW_PINN,7x70,0.008975276095407905,0.008572733619387488
