lam_threshold,Relative L2 error
1,0.03777153276675437
10,0.034358915340732966
100,0.00972611708929684
1000,0.005988868888697431
10000,0.005994103986349339
100000,0.005911623278269709
1000000,0.005427416513077558
