model_type,network_structure,relative_error
PINN,5x30,0.147334658124588
IA_PINN,5x30,0.107364929728309
IAW_PINN,5x30,0.119827657492092
I_PINN,5x30,0.051203892834234
